position_category,age,height_cm,weight_kg,market_value_eur,minutes_played,goals,assists,player_rating
Defender,26.666772486772487,183.55920634920636,76.41185185185185,15380287.605978835,37.492380952380955,0.018677248677248678,0.023915343915343914,3.789777777777778
Forward,25.532222222222224,178.61492063492062,74.16261904761905,27243386.004761904,37.6402380952381,0.14325396825396824,0.07833333333333334,3.8837698412698414
Goalkeeper,28.67,189.11031746031745,78.69079365079365,12176579.566190476,25.553333333333335,0.0,0.008253968253968255,2.0684285714285715
Midfielder,25.563035714285714,178.99494047619046,75.10892857142858,22972887.837738097,37.65779761904762,0.05154761904761905,0.08142857142857143,3.860785714285714
